{
  "project_info": {
    "project_number": "901413430515",
    "firebase_url": "https://samsung-campus-4bfcb-default-rtdb.asia-southeast1.firebasedatabase.app",
    "project_id": "samsung-campus-4bfcb",
    "storage_bucket": "samsung-campus-4bfcb.firebasestorage.app"
  },
  "client": [
    {
      "client_info": {
        "mobilesdk_app_id": "1:901413430515:android:691d518264289f225b8386",
        "android_client_info": {
          "package_name": "com.app.crowdia"
        }
      },
      "oauth_client": [],
      "api_key": [
        {
          "current_key": "AIzaSyD-KXb4MYIP6Xw8Km8DFY8jh-KkTc0waV0"
        }
      ],
      "services": {
        "appinvite_service": {
          "other_platform_oauth_client": []
        }
      }
    },
    {
      "client_info": {
        "mobilesdk_app_id": "1:901413430515:android:c47742f4a32e87485b8386",
        "android_client_info": {
          "package_name": "com.samsung.crowdia"
        }
      },
      "oauth_client": [],
      "api_key": [
        {
          "current_key": "AIzaSyD-KXb4MYIP6Xw8Km8DFY8jh-KkTc0waV0"
        }
      ],
      "services": {
        "appinvite_service": {
          "other_platform_oauth_client": []
        }
      }
    }
  ],
  "configuration_version": "1"
}